DROP DATABASE `mybatis`;

CREATE DATABASE `mybatis`
  DEFAULT CHARACTER SET utf8;

USE `mybatis`;

DROP TABLE IF EXISTS USER_PICS;
DROP TABLE IF EXISTS COURSE_ENROLLMENT;
DROP TABLE IF EXISTS COURSES;
DROP TABLE IF EXISTS TUTORS;
DROP TABLE IF EXISTS STUDENTS;
DROP TABLE IF EXISTS ADDRESSES;

CREATE TABLE ADDRESSES
(
  ADDR_ID INT(11)     NOT NULL AUTO_INCREMENT,
  STREET  VARCHAR(50) NOT NULL,
  CITY    VARCHAR(50) NOT NULL,
  STATE   VARCHAR(50) NOT NULL,
  ZIP     VARCHAR(10)          DEFAULT NULL,
  COUNTRY VARCHAR(50) NOT NULL,
  PRIMARY KEY (ADDR_ID)
)
  ENGINE = INNODB
  AUTO_INCREMENT = 1
  DEFAULT CHARSET = UTF8;

CREATE TABLE STUDENTS
(
  STUD_ID INT(11)     NOT NULL AUTO_INCREMENT,
  NAME    VARCHAR(50) NOT NULL,
  EMAIL   VARCHAR(50) NOT NULL,
  PHONE   VARCHAR(15)          DEFAULT NULL,
  DOB     DATE                 DEFAULT NULL,
  BIO     LONGTEXT             DEFAULT NULL,
  PIC     BLOB                 DEFAULT NULL,
  ADDR_ID INT(11)              DEFAULT NULL,
  PRIMARY KEY (STUD_ID),
  CONSTRAINT FK_STUDENTS_ADDR FOREIGN KEY (ADDR_ID) REFERENCES ADDRESSES (ADDR_ID)
)
  ENGINE = INNODB
  AUTO_INCREMENT = 1
  DEFAULT CHARSET = UTF8;

CREATE TABLE TUTORS
(
  TUTOR_ID INT(11)     NOT NULL AUTO_INCREMENT,
  NAME     VARCHAR(50) NOT NULL,
  EMAIL    VARCHAR(50) NOT NULL,
  PHONE    VARCHAR(15)          DEFAULT NULL,
  DOB      DATE                 DEFAULT NULL,
  BIO      LONGTEXT             DEFAULT NULL,
  PIC      BLOB                 DEFAULT NULL,
  ADDR_ID  INT(11)              DEFAULT NULL,
  PRIMARY KEY (TUTOR_ID),
  CONSTRAINT FK_TUTORS_ADDR FOREIGN KEY (ADDR_ID) REFERENCES ADDRESSES (ADDR_ID)
)
  ENGINE = INNODB
  AUTO_INCREMENT = 1
  DEFAULT CHARSET = UTF8;


CREATE TABLE COURSES
(
  COURSE_ID   INT(11)      NOT NULL AUTO_INCREMENT,
  NAME        VARCHAR(100) NOT NULL,
  DESCRIPTION VARCHAR(512)          DEFAULT NULL,
  START_DATE  DATE                  DEFAULT NULL,
  END_DATE    DATE                  DEFAULT NULL,
  TUTOR_ID    INT(11)      NOT NULL,
  PRIMARY KEY (COURSE_ID),
  CONSTRAINT FK_COURSE_TUTOR FOREIGN KEY (TUTOR_ID) REFERENCES TUTORS (TUTOR_ID)
)
  ENGINE = INNODB
  AUTO_INCREMENT = 1
  DEFAULT CHARSET = UTF8;


CREATE TABLE COURSE_ENROLLMENT
(
  COURSE_ID INT(11) NOT NULL,
  STUD_ID   INT(11) NOT NULL,
  PRIMARY KEY (COURSE_ID, STUD_ID),
  CONSTRAINT FK_ENROLLMENT_STUD FOREIGN KEY (STUD_ID) REFERENCES STUDENTS (STUD_ID),
  CONSTRAINT FK_ENROLLMENT_COURSE FOREIGN KEY (COURSE_ID) REFERENCES COURSES (COURSE_ID)
)
  ENGINE = INNODB
  DEFAULT CHARSET = UTF8;


CREATE TABLE USER_PICS
(
  ID   INT(11) NOT NULL AUTO_INCREMENT,
  NAME VARCHAR(50)      DEFAULT NULL,
  PIC  BLOB,
  BIO  LONGTEXT,
  PRIMARY KEY (ID)
)
  ENGINE = INNODB
  AUTO_INCREMENT = 1
  DEFAULT CHARSET = UTF8;

INSERT INTO ADDRESSES (ADDR_ID, STREET, CITY, STATE, ZIP, COUNTRY) VALUES
  (1, '4891 Pacific Hwy', 'San Diego', 'CA', '92110', 'San Diego'),
  (2, '2400 N Jefferson St', 'Perry', 'FL', '32347', 'Taylor'),
  (3, '710 N Cable Rd', 'Lima', 'OH', '45825', 'Allen'),
  (4, '5108 W Gore Blvd', 'Lawton', 'OK', '32365', 'Comanche');

-- Sample data for table STUDENTS

INSERT INTO STUDENTS (STUD_ID, NAME, EMAIL, PHONE, DOB, BIO, PIC, ADDR_ID) VALUES
  (1, 'Timothy', 'timothy@gmail.com', '123-123-1234', '1988-04-25', NULL, NULL, 3),
  (2, 'Douglas', 'douglas@gmail.com', '789-456-1234', '1990-08-15', NULL, NULL, 4);

-- Sample data for table TUTORS

INSERT INTO TUTORS (TUTOR_ID, NAME, EMAIL, PHONE, DOB, BIO, PIC, ADDR_ID) VALUES
  (1, 'John', 'john@gmail.com', '111-222-3333', '1980-05-20', NULL, NULL, 1),
  (2, 'Paul', 'paul@gmail.com', '123-321-4444', '1981-03-15', NULL, NULL, 2);

-- Sample data for table courses

INSERT INTO COURSES (COURSE_ID, NAME, DESCRIPTION, START_DATE, END_DATE, TUTOR_ID) VALUES
  (1, 'Quickstart Core Java', 'Core Java Programming', '2013-03-01', '2013-04-15', 1),
  (2, 'Quickstart JavaEE6', 'Enterprise App Development using JavaEE6', '2013-04-01', '2013-08-30', 1),
  (3, 'MyBatis3 Premier', 'MyBatis 3 framework', '2013-06-01', '2013-07-15', 2);

-- Sample data for table COURSE_ENROLLMENT

INSERT INTO COURSE_ENROLLMENT (COURSE_ID, STUD_ID) VALUES
  (1, 1),
  (1, 2),
  (2, 2);
